"location_name","caen_description","an","valoare_ron","running_total_turnover"
 Alba,F  CONSTRUCTII,2016,874000000,874000000
 Alba,F  CONSTRUCTII,2017,1089000000,1963000000
 Alba,F  CONSTRUCTII,2018,996000000,2959000000
 Alba,F  CONSTRUCTII,2019,1336000000,4295000000
 Alba,F  CONSTRUCTII,2020,1505000000,5800000000
 Alba,F  CONSTRUCTII,2021,1667000000,7467000000
 Alba,F  CONSTRUCTII,2022,1938000000,9405000000
 Alba,F  CONSTRUCTII,2023,1936000000,11341000000
 Alba,F  CONSTRUCTII,2024,2136000000,13477000000
 Alba,P  INVATAMANT,2016,10000000,10000000
 Alba,P  INVATAMANT,2017,9000000,19000000
 Alba,P  INVATAMANT,2018,10000000,29000000
 Alba,P  INVATAMANT,2019,11000000,40000000
 Alba,P  INVATAMANT,2020,10000000,50000000
 Alba,P  INVATAMANT,2021,14000000,64000000
 Alba,P  INVATAMANT,2022,19000000,83000000
 Alba,P  INVATAMANT,2023,21000000,104000000
 Alba,P  INVATAMANT,2024,18000000,122000000
 Alba,Q  SANATATE SI ASISTENTA SOCIALA,2016,50000000,50000000
 Alba,Q  SANATATE SI ASISTENTA SOCIALA,2017,61000000,111000000
 Alba,Q  SANATATE SI ASISTENTA SOCIALA,2018,74000000,185000000
 Alba,Q  SANATATE SI ASISTENTA SOCIALA,2019,93000000,278000000
 Alba,Q  SANATATE SI ASISTENTA SOCIALA,2020,99000000,377000000
 Alba,Q  SANATATE SI ASISTENTA SOCIALA,2021,128000000,505000000
 Alba,Q  SANATATE SI ASISTENTA SOCIALA,2022,153000000,658000000
 Alba,Q  SANATATE SI ASISTENTA SOCIALA,2023,210000000,868000000
 Alba,Q  SANATATE SI ASISTENTA SOCIALA,2024,270000000,1138000000
 Arad,F  CONSTRUCTII,2016,1281000000,1281000000
 Arad,F  CONSTRUCTII,2017,1111000000,2392000000
 Arad,F  CONSTRUCTII,2018,1231000000,3623000000
 Arad,F  CONSTRUCTII,2019,1565000000,5188000000
 Arad,F  CONSTRUCTII,2020,1734000000,6922000000
 Arad,F  CONSTRUCTII,2021,1797000000,8719000000
 Arad,F  CONSTRUCTII,2022,2373000000,11092000000
 Arad,F  CONSTRUCTII,2023,2721000000,13813000000
 Arad,F  CONSTRUCTII,2024,2766000000,16579000000
 Arad,P  INVATAMANT,2016,9000000,9000000
 Arad,P  INVATAMANT,2017,13000000,22000000
 Arad,P  INVATAMANT,2018,15000000,37000000
 Arad,P  INVATAMANT,2019,16000000,53000000
 Arad,P  INVATAMANT,2020,15000000,68000000
 Arad,P  INVATAMANT,2021,22000000,90000000
 Arad,P  INVATAMANT,2022,28000000,118000000
 Arad,P  INVATAMANT,2023,31000000,149000000
 Arad,P  INVATAMANT,2024,34000000,183000000
 Arad,Q  SANATATE SI ASISTENTA SOCIALA,2016,149000000,149000000
 Arad,Q  SANATATE SI ASISTENTA SOCIALA,2017,177000000,326000000
 Arad,Q  SANATATE SI ASISTENTA SOCIALA,2018,208000000,534000000
 Arad,Q  SANATATE SI ASISTENTA SOCIALA,2019,253000000,787000000
 Arad,Q  SANATATE SI ASISTENTA SOCIALA,2020,272000000,1059000000
 Arad,Q  SANATATE SI ASISTENTA SOCIALA,2021,364000000,1423000000
 Arad,Q  SANATATE SI ASISTENTA SOCIALA,2022,385000000,1808000000
 Arad,Q  SANATATE SI ASISTENTA SOCIALA,2023,463000000,2271000000
 Arad,Q  SANATATE SI ASISTENTA SOCIALA,2024,488000000,2759000000
 Sibiu,F  CONSTRUCTII,2016,1920000000,1920000000
 Sibiu,F  CONSTRUCTII,2017,2297000000,4217000000
 Sibiu,F  CONSTRUCTII,2018,2412000000,6629000000
 Sibiu,F  CONSTRUCTII,2019,2908000000,9537000000
 Sibiu,F  CONSTRUCTII,2020,3435000000,12972000000
 Sibiu,F  CONSTRUCTII,2021,3625000000,16597000000
 Sibiu,F  CONSTRUCTII,2022,3967000000,20564000000
 Sibiu,F  CONSTRUCTII,2023,4672000000,25236000000
 Sibiu,F  CONSTRUCTII,2024,5501000000,30737000000
 Sibiu,P  INVATAMANT,2016,22000000,22000000
 Sibiu,P  INVATAMANT,2017,24000000,46000000
 Sibiu,P  INVATAMANT,2018,29000000,75000000
 Sibiu,P  INVATAMANT,2019,33000000,108000000
 Sibiu,P  INVATAMANT,2020,32000000,140000000
 Sibiu,P  INVATAMANT,2021,46000000,186000000
 Sibiu,P  INVATAMANT,2022,55000000,241000000
 Sibiu,P  INVATAMANT,2023,84000000,325000000
 Sibiu,P  INVATAMANT,2024,91000000,416000000
 Sibiu,Q  SANATATE SI ASISTENTA SOCIALA,2016,161000000,161000000
 Sibiu,Q  SANATATE SI ASISTENTA SOCIALA,2017,187000000,348000000
 Sibiu,Q  SANATATE SI ASISTENTA SOCIALA,2018,217000000,565000000
 Sibiu,Q  SANATATE SI ASISTENTA SOCIALA,2019,269000000,834000000
 Sibiu,Q  SANATATE SI ASISTENTA SOCIALA,2020,276000000,1110000000
 Sibiu,Q  SANATATE SI ASISTENTA SOCIALA,2021,376000000,1486000000
 Sibiu,Q  SANATATE SI ASISTENTA SOCIALA,2022,436000000,1922000000
 Sibiu,Q  SANATATE SI ASISTENTA SOCIALA,2023,499000000,2421000000
 Sibiu,Q  SANATATE SI ASISTENTA SOCIALA,2024,639000000,3060000000
 Timis,F  CONSTRUCTII,2016,3079000000,3079000000
 Timis,F  CONSTRUCTII,2017,3606000000,6685000000
 Timis,F  CONSTRUCTII,2018,3723000000,10408000000
 Timis,F  CONSTRUCTII,2019,3982000000,14390000000
 Timis,F  CONSTRUCTII,2020,4978000000,19368000000
 Timis,F  CONSTRUCTII,2021,5999000000,25367000000
 Timis,F  CONSTRUCTII,2022,6693000000,32060000000
 Timis,F  CONSTRUCTII,2023,7374000000,39434000000
 Timis,F  CONSTRUCTII,2024,7908000000,47342000000
 Timis,P  INVATAMANT,2016,47000000,47000000
 Timis,P  INVATAMANT,2017,60000000,107000000
 Timis,P  INVATAMANT,2018,70000000,177000000
 Timis,P  INVATAMANT,2019,84000000,261000000
 Timis,P  INVATAMANT,2020,81000000,342000000
 Timis,P  INVATAMANT,2021,116000000,458000000
 Timis,P  INVATAMANT,2022,153000000,611000000
 Timis,P  INVATAMANT,2023,171000000,782000000
 Timis,P  INVATAMANT,2024,173000000,955000000
 Timis,Q  SANATATE SI ASISTENTA SOCIALA,2016,379000000,379000000
 Timis,Q  SANATATE SI ASISTENTA SOCIALA,2017,433000000,812000000
 Timis,Q  SANATATE SI ASISTENTA SOCIALA,2018,570000000,1382000000
 Timis,Q  SANATATE SI ASISTENTA SOCIALA,2019,649000000,2031000000
 Timis,Q  SANATATE SI ASISTENTA SOCIALA,2020,725000000,2756000000
 Timis,Q  SANATATE SI ASISTENTA SOCIALA,2021,991000000,3747000000
 Timis,Q  SANATATE SI ASISTENTA SOCIALA,2022,1132000000,4879000000
 Timis,Q  SANATATE SI ASISTENTA SOCIALA,2023,1309000000,6188000000
 Timis,Q  SANATATE SI ASISTENTA SOCIALA,2024,1554000000,7742000000
