an,economic_zone,zone_turnover_ron,national_share_pct
2024,other_regions,1188084000000.00,44.09
2024,bucharest_ilfov,980339000000.00,36.38
2024,regional_hubs,526417000000.00,19.53
2023,other_regions,1159263000000.00,44.87
2023,bucharest_ilfov,925199000000.00,35.81
2023,regional_hubs,499136000000.00,19.32
2022,other_regions,1129483000000.00,45.40
2022,bucharest_ilfov,886512000000.00,35.63
2022,regional_hubs,471846000000.00,18.97
2021,other_regions,904067000000.00,45.57
2021,bucharest_ilfov,707944000000.00,35.68
2021,regional_hubs,371964000000.00,18.75
2020,other_regions,748491000000.00,45.56
2020,bucharest_ilfov,575900000000.00,35.05
2020,regional_hubs,318493000000.00,19.39
2019,other_regions,767118000000.00,45.99
2019,bucharest_ilfov,571751000000.00,34.28
2019,regional_hubs,328988000000.00,19.73
2018,other_regions,710941000000.00,46.70
2018,bucharest_ilfov,506012000000.00,33.24
2018,regional_hubs,305281000000.00,20.05
2017,other_regions,632689000000.00,46.78
2017,bucharest_ilfov,454732000000.00,33.63
2017,regional_hubs,264921000000.00,19.59
2016,other_regions,568836000000.00,46.15
2016,bucharest_ilfov,424163000000.00,34.41
2016,regional_hubs,239569000000.00,19.44
2015,other_regions,546158000000.00,46.38
2015,bucharest_ilfov,411170000000.00,34.92
2015,regional_hubs,220165000000.00,18.70
2014,other_regions,517194000000.00,46.78
2014,bucharest_ilfov,381864000000.00,34.54
2014,regional_hubs,206604000000.00,18.69
2013,other_regions,497857000000.00,47.19
2013,bucharest_ilfov,363667000000.00,34.47
2013,regional_hubs,193481000000.00,18.34
2012,other_regions,505237000000.00,47.57
2012,bucharest_ilfov,364965000000.00,34.36
2012,regional_hubs,191920000000.00,18.07
2011,other_regions,463811000000.00,46.05
2011,bucharest_ilfov,360042000000.00,35.75
2011,regional_hubs,183298000000.00,18.20
2010,other_regions,411795000000.00,45.59
2010,bucharest_ilfov,332956000000.00,36.86
2010,regional_hubs,158487000000.00,17.55
2009,other_regions,387198000000.00,45.51
2009,bucharest_ilfov,316201000000.00,37.16
2009,regional_hubs,147435000000.00,17.33
2008,other_regions,444107000000.00,46.29
2008,bucharest_ilfov,346688000000.00,36.14
2008,regional_hubs,168619000000.00,17.58
