an,caen_description,turnover_ron,prev_year_turnover_ron,yoy_growth_pct
2024,D  PRODUCTIA SI FURNIZAREA DE ENERGIE ELECTRICA SI TERMICA  GAZE  APA CALDA SI AER CONDITIONAT,114267000000.00,130745000000.00,-12.60
2024,G  COMERT CU RIDICATA SI CU AMANUNTUL; REPARAREA AUTOVEHICULELOR SI MOTOCICLETELOR,1081046000000.00,1053767000000.00,2.59
2024,C  INDUSTRIA PRELUCRATOARE,619740000000.00,602235000000.00,2.91
2024,H  TRANSPORT SI DEPOZITARE,153492000000.00,143916000000.00,6.65
2024,J  INFORMATII SI COMUNICATII,124634000000.00,116787000000.00,6.72
2024,E  DISTRIBUTIA APEI; SALUBRITATE  GESTIONAREA DESEURILOR  ACTIVITATI DE DECONTAMINARE,28657000000.00,26236000000.00,9.23
2024,I  HOTELURI SI RESTAURANTE,47360000000.00,43138000000.00,9.79
2024,F  CONSTRUCTII,242306000000.00,220260000000.00,10.01
2024,TRANZACTII IMOBILIARE  INCHIRIERI SI ACTIVITATI DE SERVICII PRESTATE IN PRINCIPAL INTREPRINDERILOR  (activitati profesionale  stiintifice si tehnice  activitati de servicii administrative si activitati de servicii suport ),188901000000.00,169320000000.00,11.56
2024,P  INVATAMANT,4069000000.00,3533000000.00,15.17
2024,Q  SANATATE SI ASISTENTA SOCIALA,33630000000.00,28241000000.00,19.08
2024,B  INDUSTRIA EXTRACTIVA,24391000000.00,20150000000.00,21.05
2024,R+S ALTE ACTIVITATI DE SERVICII COLECTIVE  SOCIALE SI PERSONALE,32347000000.00,25270000000.00,28.01
2023,D  PRODUCTIA SI FURNIZAREA DE ENERGIE ELECTRICA SI TERMICA  GAZE  APA CALDA SI AER CONDITIONAT,130745000000.00,,
2023,R+S ALTE ACTIVITATI DE SERVICII COLECTIVE  SOCIALE SI PERSONALE,25270000000.00,,
2023,TRANZACTII IMOBILIARE  INCHIRIERI SI ACTIVITATI DE SERVICII PRESTATE IN PRINCIPAL INTREPRINDERILOR  (activitati profesionale  stiintifice si tehnice  activitati de servicii administrative si activitati de servicii suport ),169320000000.00,,
2023,E  DISTRIBUTIA APEI; SALUBRITATE  GESTIONAREA DESEURILOR  ACTIVITATI DE DECONTAMINARE,26236000000.00,,
2023,B  INDUSTRIA EXTRACTIVA,20150000000.00,,
2023,F  CONSTRUCTII,220260000000.00,,
2023,G  COMERT CU RIDICATA SI CU AMANUNTUL; REPARAREA AUTOVEHICULELOR SI MOTOCICLETELOR,1053767000000.00,,
2023,H  TRANSPORT SI DEPOZITARE,143916000000.00,,
2023,I  HOTELURI SI RESTAURANTE,43138000000.00,,
2023,J  INFORMATII SI COMUNICATII,116787000000.00,,
2023,P  INVATAMANT,3533000000.00,,
2023,C  INDUSTRIA PRELUCRATOARE,602235000000.00,,
2023,Q  SANATATE SI ASISTENTA SOCIALA,28241000000.00,,
2020,I  HOTELURI SI RESTAURANTE,19157000000.00,27945000000.00,-31.45
2020,R+S ALTE ACTIVITATI DE SERVICII COLECTIVE  SOCIALE SI PERSONALE,13262000000.00,18767000000.00,-29.33
2020,P  INVATAMANT,1529000000.00,1690000000.00,-9.53
2020,B  INDUSTRIA EXTRACTIVA,14371000000.00,15798000000.00,-9.03
2020,H  TRANSPORT SI DEPOZITARE,92143000000.00,99634000000.00,-7.52
2020,C  INDUSTRIA PRELUCRATOARE,414438000000.00,442727000000.00,-6.39
2020,D  PRODUCTIA SI FURNIZAREA DE ENERGIE ELECTRICA SI TERMICA  GAZE  APA CALDA SI AER CONDITIONAT,66839000000.00,69100000000.00,-3.27
2020,TRANZACTII IMOBILIARE  INCHIRIERI SI ACTIVITATI DE SERVICII PRESTATE IN PRINCIPAL INTREPRINDERILOR  (activitati profesionale  stiintifice si tehnice  activitati de servicii administrative si activitati de servicii suport ),104983000000.00,106604000000.00,-1.52
2020,G  COMERT CU RIDICATA SI CU AMANUNTUL; REPARAREA AUTOVEHICULELOR SI MOTOCICLETELOR,680990000000.00,676341000000.00,0.69
2020,E  DISTRIBUTIA APEI; SALUBRITATE  GESTIONAREA DESEURILOR  ACTIVITATI DE DECONTAMINARE,17338000000.00,16793000000.00,3.25
2020,J  INFORMATII SI COMUNICATII,73167000000.00,67056000000.00,9.11
2020,Q  SANATATE SI ASISTENTA SOCIALA,15468000000.00,13939000000.00,10.97
2020,F  CONSTRUCTII,129199000000.00,111463000000.00,15.91
2019,F  CONSTRUCTII,111463000000.00,,
2019,TRANZACTII IMOBILIARE  INCHIRIERI SI ACTIVITATI DE SERVICII PRESTATE IN PRINCIPAL INTREPRINDERILOR  (activitati profesionale  stiintifice si tehnice  activitati de servicii administrative si activitati de servicii suport ),106604000000.00,,
2019,G  COMERT CU RIDICATA SI CU AMANUNTUL; REPARAREA AUTOVEHICULELOR SI MOTOCICLETELOR,676341000000.00,,
2019,Q  SANATATE SI ASISTENTA SOCIALA,13939000000.00,,
2019,H  TRANSPORT SI DEPOZITARE,99634000000.00,,
2019,B  INDUSTRIA EXTRACTIVA,15798000000.00,,
2019,I  HOTELURI SI RESTAURANTE,27945000000.00,,
2019,C  INDUSTRIA PRELUCRATOARE,442727000000.00,,
2019,J  INFORMATII SI COMUNICATII,67056000000.00,,
2019,R+S ALTE ACTIVITATI DE SERVICII COLECTIVE  SOCIALE SI PERSONALE,18767000000.00,,
2019,D  PRODUCTIA SI FURNIZAREA DE ENERGIE ELECTRICA SI TERMICA  GAZE  APA CALDA SI AER CONDITIONAT,69100000000.00,,
2019,E  DISTRIBUTIA APEI; SALUBRITATE  GESTIONAREA DESEURILOR  ACTIVITATI DE DECONTAMINARE,16793000000.00,,
2019,P  INVATAMANT,1690000000.00,,
2009,B  INDUSTRIA EXTRACTIVA,8862000000.00,13333000000.00,-33.53
2009,E  DISTRIBUTIA APEI; SALUBRITATE  GESTIONAREA DESEURILOR  ACTIVITATI DE DECONTAMINARE,10094000000.00,11992000000.00,-15.83
2009,P  INVATAMANT,512000000.00,600000000.00,-14.67
2009,C  INDUSTRIA PRELUCRATOARE,207358000000.00,241259000000.00,-14.05
2009,F  CONSTRUCTII,79653000000.00,92472000000.00,-13.86
2009,G  COMERT CU RIDICATA SI CU AMANUNTUL; REPARAREA AUTOVEHICULELOR SI MOTOCICLETELOR,349554000000.00,395704000000.00,-11.66
2009,H  TRANSPORT SI DEPOZITARE,40811000000.00,44726000000.00,-8.75
2009,J  INFORMATII SI COMUNICATII,32306000000.00,34959000000.00,-7.59
2009,TRANZACTII IMOBILIARE  INCHIRIERI SI ACTIVITATI DE SERVICII PRESTATE IN PRINCIPAL INTREPRINDERILOR  (activitati profesionale  stiintifice si tehnice  activitati de servicii administrative si activitati de servicii suport ),50414000000.00,53919000000.00,-6.50
2009,I  HOTELURI SI RESTAURANTE,10489000000.00,11213000000.00,-6.46
2009,R+S ALTE ACTIVITATI DE SERVICII COLECTIVE  SOCIALE SI PERSONALE,7846000000.00,7956000000.00,-1.38
2009,D  PRODUCTIA SI FURNIZAREA DE ENERGIE ELECTRICA SI TERMICA  GAZE  APA CALDA SI AER CONDITIONAT,50109000000.00,48725000000.00,2.84
2009,Q  SANATATE SI ASISTENTA SOCIALA,2826000000.00,2556000000.00,10.56
2008,J  INFORMATII SI COMUNICATII,34959000000.00,,
2008,C  INDUSTRIA PRELUCRATOARE,241259000000.00,,
2008,D  PRODUCTIA SI FURNIZAREA DE ENERGIE ELECTRICA SI TERMICA  GAZE  APA CALDA SI AER CONDITIONAT,48725000000.00,,
2008,E  DISTRIBUTIA APEI; SALUBRITATE  GESTIONAREA DESEURILOR  ACTIVITATI DE DECONTAMINARE,11992000000.00,,
2008,F  CONSTRUCTII,92472000000.00,,
2008,G  COMERT CU RIDICATA SI CU AMANUNTUL; REPARAREA AUTOVEHICULELOR SI MOTOCICLETELOR,395704000000.00,,
2008,H  TRANSPORT SI DEPOZITARE,44726000000.00,,
2008,I  HOTELURI SI RESTAURANTE,11213000000.00,,
2008,B  INDUSTRIA EXTRACTIVA,13333000000.00,,
2008,P  INVATAMANT,600000000.00,,
2008,Q  SANATATE SI ASISTENTA SOCIALA,2556000000.00,,
2008,R+S ALTE ACTIVITATI DE SERVICII COLECTIVE  SOCIALE SI PERSONALE,7956000000.00,,
2008,TRANZACTII IMOBILIARE  INCHIRIERI SI ACTIVITATI DE SERVICII PRESTATE IN PRINCIPAL INTREPRINDERILOR  (activitati profesionale  stiintifice si tehnice  activitati de servicii administrative si activitati de servicii suport ),53919000000.00,,
